<?xml version="1.0" encoding="UTF-8"?>
<project-private xmlns="http://www.netbeans.org/ns/project-private/1">
    <editor-bookmarks xmlns="http://www.netbeans.org/ns/editor-bookmarks/2" lastBookmarkId="0"/>
    <open-files xmlns="http://www.netbeans.org/ns/projectui-open-files/2">
        <group>
            <file>file:/home/yoshi/Documents/distributed/Distributed-systems-labsessions/carRentalLabSessions_v3/CarRental-lib/src/session/ReservationSessionRemote.java</file>
            <file>file:/home/yoshi/Documents/distributed/Distributed-systems-labsessions/carRentalLabSessions_v3/CarRental-lib/src/session/ManagerSessionRemote.java</file>
        </group>
    </open-files>
</project-private>
